id,nombre,equipo,posicion,posicion_detallada,edad,altura,pie_dominante,contrato_hasta,valor_mercado,goles,asistencias,minutos_jugados,valoracion,regates_exitosos,porcentaje_regates_exitosos,pases_clave,tiros_totales,tiros_a_puerta,grandes_ocasiones_creadas,grandes_ocasiones_falladas,pases_ultimo_tercio,porcentaje_pases_acertados,pases_totales,pases_acertados,duelos_aereos_perdidos,intercepciones,entradas,tarjetas_amarillas,tarjetas_rojas,perdidas_de_balon,valoracion_total,conteo_valoraciones,regates_intentados,porcentaje_tiros_a_puerta,porcentaje_pases_clave,goles_por_90,asistencias_por_90,regates_exitosos_por_90,pases_clave_por_90,tiros_totales_por_90,tiros_a_puerta_por_90,grandes_ocasiones_creadas_por_90,grandes_ocasiones_falladas_por_90,pases_ultimo_tercio_por_90,pases_totales_por_90,pases_acertados_por_90,duelos_aereos_perdidos_por_90,intercepciones_por_90,entradas_por_90,perdidas_de_balon_por_90,regates_intentados_por_90,valor_mercado_fmt,perdidas_de_balon_por_90_invertido,grandes_ocasiones_falladas_por_90_invertido,regates_intentados_por_90_pctl,porcentaje_regates_exitosos_pctl,tiros_totales_por_90_pctl,porcentaje_tiros_a_puerta_pctl,goles_por_90_pctl,pases_clave_por_90_pctl,porcentaje_pases_clave_pctl,grandes_ocasiones_creadas_por_90_pctl,asistencias_por_90_pctl,jugador_seguro,REGATEADOR,FINALIZADOR,CREADOR
605674,Iñigo Vicente,Real Racing Club,M,"['LW', 'AM']",28 años,178,Derecho,30/06/2030,5600000.0,8,18,3050,7.54,46,54.12,136,48,24,38,4,705,76.28,1927,1470,12,20,56,9,0,56,286.6,38,85.0,50.0,7.0576024909185255,0.2360655737704918,0.5311475409836065,1.357377049180328,4.013114754098361,1.4163934426229507,0.7081967213114754,1.121311475409836,0.1180327868852459,20.803278688524593,56.86229508196721,43.377049180327866,0.3540983606557377,0.5901639344262295,1.6524590163934427,1.6524590163934427,2.5081967213114753,5.600.000 €,30.952380952380953,66.66666666666666,40.476190476190474,85.71428571428571,14.285714285714285,92.26190476190477,69.04761904761905,100.0,78.57142857142857,100.0,100.0,False,52.14,54.67,86.43
1002405,David Larrubia,Málaga CF,M,"['MR', 'RW']",24 años,172,Ambidiestro,30/06/2028,4200000.0,9,3,3009,7.3,100,44.44,48,84,32,8,4,354,80.84,950,768,16,25,105,4,0,58,262.9,36,225.0,38.095238095238095,5.052631578947368,0.2691924227318046,0.0897308075772681,2.991026919242273,1.435692921236291,2.5124626121635094,0.9571286141575274,0.2392821535393818,0.1196410767696909,10.588235294117649,28.414755732801595,22.971086739780656,0.4785643070787637,0.7477567298105683,3.1405782652043865,1.7347956131605184,6.7298105682951155,4.200.000 €,23.809523809523807,64.28571428571429,98.80952380952381,46.42857142857143,75.0,63.095238095238095,72.61904761904762,58.333333333333336,51.19047619047619,48.80952380952381,35.714285714285715,False,68.1,65.65,46.31
922939,Andrés Martín,Real Racing Club,M,['RW'],27 años,178,Zurdo,30/06/2028,7200000.0,20,9,3189,7.27,44,45.83,85,110,46,20,13,340,71.87,942,677,8,25,26,8,0,66,276.2,38,96.0,41.81818181818181,9.023354564755838,0.5644402634054563,0.2539981185324553,1.2417685794920037,2.3988711194731893,3.1044214487300095,1.2982126058325494,0.5644402634054563,0.3668861712135465,9.595484477892755,26.58513640639699,19.106302916274693,0.2257761053621824,0.7055503292568204,0.7337723424270931,1.8626528692380055,2.70931326434619,7.200.000 €,16.666666666666664,16.666666666666664,48.80952380952381,55.952380952380956,92.85714285714286,76.19047619047619,95.23809523809523,92.85714285714286,96.42857142857143,90.47619047619048,80.95238095238095,False,44.52,72.14,69.58
1160969,Brian Cipenga,CD Castellón,F,['LW'],28 años,169,Derecho,30/06/2026,2100000.0,6,9,2079,7.21,60,45.11,46,48,21,10,5,293,71.27,616,439,30,9,43,1,0,41,201.9,28,133.0,43.75,7.467532467532467,0.2597402597402597,0.3896103896103896,2.5974025974025974,1.9913419913419912,2.0779220779220777,0.9090909090909092,0.4329004329004329,0.2164502164502164,12.683982683982684,26.666666666666664,19.004329004329005,1.2987012987012987,0.3896103896103896,1.8614718614718613,1.774891774891775,5.757575757575758,2.100.000 €,20.238095238095237,44.047619047619044,94.04761904761905,48.80952380952381,50.595238095238095,84.52380952380952,71.42857142857143,89.28571428571429,84.52380952380952,77.38095238095238,98.80952380952381,False,65.71,58.96,66.67
813737,Cristian Carracedo,Córdoba,F,['RW'],30 años,179,Derecho,30/06/2028,775000.0,3,12,2977,7.21,86,60.56,105,45,17,15,3,546,80.33,1256,1009,20,20,70,9,0,62,266.6,37,142.0,37.77777777777778,8.359872611464967,0.0906953308700033,0.3627813234800134,2.59993281827343,3.1743365804501176,1.3604299630500505,0.5139402082633524,0.4534766543500168,0.0906953308700033,16.506550218340614,37.97111185757474,30.503862949277796,0.6046355391333558,0.6046355391333558,2.116224386966745,1.8743701713134029,4.2929123278468255,775.000 €,15.476190476190476,72.61904761904762,75.0,96.42857142857143,11.904761904761903,60.71428571428571,26.190476190476193,98.80952380952381,92.85714285714286,82.14285714285714,95.23809523809523,False,69.52,33.69,80.71
910022,Rober González,Real Zaragoza,M,"['AM', 'RW']",25 años,169,Ambidiestro,30/06/2026,630000.0,2,1,1248,7.19,19,45.24,22,22,8,7,3,109,74.71,348,260,6,5,35,2,0,28,107.8,15,42.0,36.36363636363637,6.321839080459771,0.1442307692307692,0.0721153846153846,1.3701923076923077,1.5865384615384617,1.5865384615384617,0.5769230769230769,0.5048076923076923,0.2163461538461538,7.860576923076923,25.096153846153847,18.75,0.4326923076923077,0.360576923076923,2.5240384615384617,2.019230769230769,3.0288461538461537,630.000 €,9.523809523809524,45.23809523809524,59.523809523809526,50.595238095238095,28.57142857142857,47.61904761904761,40.476190476190474,65.47619047619048,66.66666666666666,86.90476190476191,26.190476190476193,False,46.85,36.19,46.73
1096950,Yeremay Hernández,Deportivo de La Coruña,M,"['LW', 'ML']",23 años,169,Derecho,30/06/2030,23000000.0,11,9,2833,7.14,85,50.9,56,95,32,9,9,385,86.13,988,851,16,20,47,5,1,54,257.2,36,167.0,33.68421052631579,5.668016194331984,0.3494528768090363,0.2859159901164843,2.7003176844334624,1.7790328273914575,3.018002117896223,1.016590187080833,0.2859159901164843,0.2859159901164843,12.230850688316272,31.38722202612072,27.0349452876809,0.5082950935404165,0.6353688669255206,1.4931168372749737,1.7154959406989057,5.305330038828098,23.000.000 €,25.0,23.809523809523807,90.47619047619048,66.66666666666666,90.47619047619048,40.476190476190474,83.33333333333334,80.95238095238095,55.952380952380956,53.57142857142857,85.71428571428571,False,70.24,63.93,62.68
966836,Álex Sola,Granada,F,"['RW', 'DR']",27 años,178,Derecho,30/06/2026,1600000.0,3,3,2577,7.12,57,45.24,43,55,13,10,8,158,72.68,549,399,29,21,62,4,0,48,249.3,35,126.0,23.636363636363637,7.832422586520947,0.1047729918509895,0.1047729918509895,1.990686845168801,1.5017462165308495,1.920838183934808,0.4540162980209546,0.3492433061699651,0.279394644935972,5.518044237485448,19.173457508731083,13.934807916181606,1.0128055878928988,0.7334109429569267,2.1653084982537836,1.6763678696158324,4.40046565774156,1.600.000 €,29.761904761904763,28.57142857142857,77.38095238095238,50.595238095238095,39.285714285714285,13.095238095238097,29.761904761904763,59.523809523809526,86.90476190476191,61.904761904761905,45.23809523809524,False,59.82,29.46,47.62
1142255,Josep Cerdà,FC Andorra,M,['LW'],23 años,175,Derecho,30/06/2027,525000.0,9,3,1260,7.08,28,43.75,13,30,16,5,4,127,85.71,287,246,33,5,10,2,0,34,141.5,20,64.0,53.333333333333336,4.529616724738676,0.6428571428571428,0.2142857142857143,2.0,0.9285714285714286,2.142857142857143,1.1428571428571428,0.3571428571428571,0.2857142857142857,9.071428571428571,20.5,17.571428571428573,2.357142857142857,0.3571428571428571,0.7142857142857142,2.428571428571429,4.571428571428571,525.000 €,4.761904761904762,25.0,80.95238095238095,41.66666666666667,58.333333333333336,94.64285714285714,97.61904761904762,22.61904761904762,39.285714285714285,65.47619047619048,76.19047619047619,False,53.93,67.17,41.19
1094517,Jonathan Dubasin,Sporting Gijón,M,['RW'],26 años,180,Derecho,30/06/2028,3800000.0,16,3,2834,7.07,35,58.33,26,61,27,6,12,301,81.35,917,746,51,12,43,4,2,42,247.5,35,60.0,44.26229508196721,2.8353326063249726,0.5081157374735357,0.0952717007762879,1.111503175723359,0.8256880733944955,1.937191249117855,0.8574453069865915,0.1905434015525758,0.3810868031051517,9.55892731122089,29.12138320395201,23.6908962597036,1.619618913196895,0.3810868031051517,1.3655610444601272,1.333803810868031,1.9054340155257588,3.800.000 €,41.66666666666667,15.476190476190476,19.047619047619047,92.85714285714286,41.66666666666667,86.90476190476191,92.85714285714286,16.666666666666664,17.857142857142858,39.285714285714285,41.66666666666667,False,45.71,62.44,30.0
966804,Jon Morcillo,Almería,M,"['ML', 'LW']",27 años,183,Zurdo,30/06/2030,1900000.0,8,5,2001,7.03,35,60.34,47,66,21,15,1,186,73.2,582,426,11,13,14,2,0,19,267.0,38,58.0,31.818181818181817,8.075601374570446,0.3598200899550224,0.224887556221889,1.5742128935532234,2.113943028485757,2.9685157421289357,0.944527736131934,0.6746626686656672,0.0449775112443778,8.365817091454273,26.176911544227885,19.160419790104942,0.4947526236881559,0.5847076461769115,0.6296851574212894,0.8545727136431784,2.608695652173913,1.900.000 €,77.38095238095238,86.90476190476191,44.047619047619044,95.23809523809523,88.09523809523809,33.92857142857143,84.52380952380952,91.66666666666666,90.47619047619048,96.42857142857143,78.57142857142857,False,66.07,77.47,78.57
346516,Adrián Embarba,Almería,M,"['LW', 'RW']",34 años,173,Derecho,30/06/2028,635000.0,14,9,2561,7.01,43,38.74,55,99,40,10,8,262,73.99,769,569,34,19,56,7,1,43,259.5,37,111.0,40.4040404040404,7.152145643693109,0.4919953143303397,0.3162827020695041,1.5111284654431862,1.9328387348691916,3.4791097227645453,1.4057008980866847,0.3514252245216712,0.281140179617337,9.207340882467786,27.024599765716516,19.996095275283093,1.1948457633736822,0.6677079265911753,1.9679812573213589,1.5111284654431862,3.9008199921905504,635.000 €,35.714285714285715,27.380952380952383,65.47619047619048,21.428571428571427,97.61904761904762,70.23809523809523,91.66666666666666,86.90476190476191,79.76190476190477,64.28571428571429,91.66666666666666,False,46.31,74.7,63.209999999999994
1082970,Kialy Abdoul Kone,AD Ceuta,M,"['LW', 'ML']",29 años,178,Zurdo,30/06/2026,840000.0,2,4,2270,6.98,67,57.26,33,22,7,7,1,215,72.83,762,555,28,9,42,4,0,41,230.5,33,117.0,31.818181818181817,4.330708661417323,0.079295154185022,0.158590308370044,2.656387665198238,1.3083700440528634,0.8722466960352422,0.2775330396475771,0.2775330396475771,0.039647577092511,8.524229074889869,30.21145374449339,22.004405286343612,1.1101321585903083,0.3568281938325991,1.6651982378854626,1.6255506607929515,4.638766519823788,840.000 €,32.142857142857146,88.09523809523809,84.52380952380952,91.66666666666666,5.952380952380952,33.92857142857143,22.61904761904762,48.80952380952381,34.523809523809526,52.38095238095239,64.28571428571429,False,76.19,30.92,37.38
954688,Lucas Ribeiro,Cultural Leonesa,F,"['RW', 'ST']",27 años,181,Zurdo,30/06/2026,1400000.0,4,1,1170,6.98,48,58.54,34,31,13,9,6,155,82.05,429,352,11,3,17,8,1,23,167.4,24,82.0,41.935483870967744,7.925407925407925,0.3076923076923077,0.0769230769230769,3.692307692307693,2.6153846153846154,2.3846153846153846,1.0,0.6923076923076923,0.4615384615384615,11.923076923076923,33.0,27.076923076923077,0.8461538461538461,0.2307692307692307,1.3076923076923077,1.7692307692307692,6.3076923076923075,1.400.000 €,21.428571428571427,10.714285714285714,97.61904761904762,94.04761904761905,66.66666666666666,77.38095238095238,80.95238095238095,95.23809523809523,88.09523809523809,97.61904761904762,28.57142857142857,False,81.31,60.36,73.69
1390389,Duk,Leganés,F,"['ST', 'LW']",26 años,182,Derecho,30/06/2027,2300000.0,4,5,2346,6.96,59,40.97,34,44,18,12,6,129,73.82,424,313,27,6,38,7,1,74,243.7,35,144.0,40.909090909090914,8.018867924528301,0.1534526854219949,0.1918158567774936,2.2634271099744248,1.3043478260869563,1.687979539641944,0.690537084398977,0.4603580562659847,0.2301790281329923,4.9488491048593355,16.265984654731458,12.0076726342711,1.0358056265984654,0.2301790281329923,1.4578005115089514,2.838874680306905,5.524296675191816,2.300.000 €,2.380952380952381,41.66666666666667,92.85714285714286,29.761904761904763,33.33333333333333,73.21428571428571,42.857142857142854,47.61904761904761,89.28571428571429,83.33333333333334,73.80952380952381,False,55.83,40.8,49.94
966526,Luismi Cruz,Deportivo de La Coruña,M,"['MR', 'RW']",25 años,166,Zurdo,30/06/2029,1400000.0,3,8,2326,6.96,31,50.0,77,28,7,10,2,310,81.43,770,627,11,8,28,4,0,31,257.5,37,62.0,25.0,10.0,0.116079105760963,0.3095442820292347,1.1994840928632846,2.9793637145313845,1.0834049871023217,0.2708512467755803,0.3869303525365434,0.0773860705073086,11.994840928632849,29.793637145313845,24.260533104041272,0.4256233877901977,0.3095442820292347,1.0834049871023217,1.1994840928632846,2.3989681857265692,1.400.000 €,55.952380952380956,75.0,35.714285714285715,63.69047619047619,8.333333333333332,15.476190476190476,34.523809523809526,97.61904761904762,100.0,72.61904761904762,89.28571428571429,False,48.15,33.33,84.23
1002343,Souleymane Faye,Granada,F,"['ST', 'LW']",23 años,179,Derecho,30/06/2030,4300000.0,2,6,1611,6.96,27,35.53,23,37,13,7,1,145,77.81,401,312,35,7,18,2,0,37,132.2,19,76.0,35.13513513513514,5.7356608478802995,0.1117318435754189,0.3351955307262569,1.5083798882681565,1.2849162011173183,2.0670391061452515,0.7262569832402235,0.3910614525139664,0.0558659217877094,8.100558659217878,22.40223463687151,17.43016759776536,1.9553072625698324,0.3910614525139664,1.005586592178771,2.0670391061452515,4.245810055865921,4.300.000 €,8.333333333333332,83.33333333333334,70.23809523809523,17.857142857142858,47.61904761904761,45.23809523809524,31.547619047619047,46.42857142857143,57.14285714285714,73.80952380952381,94.04761904761905,False,42.14,43.07,56.31
936234,Juan Cruz,Leganés,M,['RW'],26 años,179,Zurdo,30/06/2029,1900000.0,3,3,2767,6.94,32,45.71,59,61,20,15,6,256,79.98,839,671,21,9,39,3,0,35,249.9,36,70.0,32.78688524590164,7.032181168057211,0.0975786049873509,0.0975786049873509,1.0408384531984098,1.919045898084568,1.9840983014094689,0.6505240332490061,0.4878930249367546,0.1951572099747018,8.326707625587279,27.28948319479581,21.825081315504157,0.6830502349114564,0.2927358149620527,1.2685218648355618,1.1384170581857609,2.2768341163715213,1.900.000 €,60.71428571428571,50.0,30.952380952380953,53.57142857142857,44.047619047619044,35.714285714285715,27.380952380952383,84.52380952380952,77.38095238095238,85.71428571428571,42.857142857142854,True,43.69,39.52,73.93
1111081,Job Ochieng,Real Sociedad B U21,M,['RW'],23 años,185,Derecho,30/06/2028,1100000.0,9,2,1577,6.93,32,40.51,21,51,20,3,9,82,70.23,309,217,29,7,29,7,0,14,173.3,25,79.0,39.21568627450981,6.796116504854369,0.5136334812935954,0.1141407736207989,1.8262523779327835,1.1984781230183892,2.910589727330374,1.14140773620799,0.1712111604311984,0.5136334812935954,4.679771718452758,17.634749524413444,12.38427393785669,1.6550412175015852,0.3994927076727964,1.6550412175015852,0.7989854153455929,4.508560558021561,1.100.000 €,80.95238095238095,8.333333333333332,78.57142857142857,27.380952380952383,86.90476190476191,66.07142857142857,94.04761904761905,40.476190476190474,72.61904761904762,32.142857142857146,47.61904761904761,False,63.69,73.9,40.36
1146312,David Mella,Deportivo de La Coruña,M,"['RW', 'MR']",21 años,169,Zurdo,30/06/2029,4500000.0,5,1,1576,6.93,25,52.08,19,25,12,3,1,149,80.0,450,360,22,18,21,2,0,12,173.3,25,48.0,48.0,4.222222222222222,0.2855329949238578,0.0571065989847715,1.427664974619289,1.0850253807106598,1.427664974619289,0.6852791878172589,0.1713197969543147,0.0571065989847715,8.508883248730966,25.69796954314721,20.55837563451777,1.2563451776649746,1.0279187817258884,1.1992385786802031,0.6852791878172589,2.741116751269036,4.500.000 €,85.71428571428571,82.14285714285714,52.38095238095239,72.61904761904762,15.476190476190476,90.47619047619048,76.19047619047619,35.714285714285715,33.33333333333333,33.33333333333333,20.238095238095237,True,65.12,65.0,39.94
1150431,Yeray Cabanzon,FC Andorra,M,"['RW', 'MR']",23 años,170,Zurdo,30/06/2026,560000.0,2,4,959,6.92,21,65.63,26,53,16,7,1,164,82.38,403,332,7,4,22,3,0,21,173.1,25,32.0,30.18867924528302,6.451612903225806,0.1876955161626694,0.3753910323253389,1.9708029197080292,2.440041710114703,4.973931178310741,1.5015641293013555,0.656934306569343,0.0938477580813347,15.391032325338896,37.82064650677789,31.15745568300313,0.656934306569343,0.3753910323253389,2.064650677789364,1.9708029197080292,3.003128258602711,560.000 €,11.904761904761903,71.42857142857143,57.14285714285714,98.80952380952381,100.0,29.761904761904763,54.761904761904766,94.04761904761905,67.85714285714286,95.23809523809523,97.61904761904762,False,60.6,60.54,78.63
921355,Iuri Tabatadze,Cádiz,M,"['LW', 'RW', 'ML']",26 años,183,Zurdo,30/06/2028,1300000.0,6,0,798,6.92,12,57.14,2,25,11,0,1,38,68.53,143,98,9,3,10,3,0,6,124.6,18,21.0,44.0,1.3986013986013983,0.6766917293233082,0.0,1.3533834586466165,0.225563909774436,2.819548872180451,1.2406015037593985,0.0,0.112781954887218,4.285714285714286,16.12781954887218,11.052631578947368,1.0150375939849623,0.3383458646616541,1.1278195488721805,0.6766917293233082,2.3684210526315788,1.300.000 €,86.90476190476191,67.85714285714286,33.33333333333333,90.47619047619048,84.52380952380952,85.71428571428571,100.0,2.380952380952381,2.380952380952381,4.166666666666666,8.333333333333332,False,61.19,87.86,6.399999999999999
811572,José Corpas,Eibar,M,"['RW', 'DR']",35 años,174,Derecho,30/06/2026,485000.0,5,6,3168,6.92,42,40.78,58,58,23,12,5,260,72.92,986,719,41,31,43,14,0,37,256.0,37,103.0,39.6551724137931,5.88235294117647,0.1420454545454545,0.1704545454545454,1.193181818181818,1.6477272727272727,1.6477272727272727,0.6534090909090909,0.3409090909090909,0.1420454545454545,7.386363636363637,28.011363636363637,20.426136363636363,1.1647727272727273,0.8806818181818182,1.2215909090909092,1.0511363636363638,2.926136363636364,485.000 €,66.66666666666666,63.095238095238095,55.952380952380956,28.57142857142857,30.952380952380953,67.85714285714286,39.285714285714285,70.23809523809523,60.71428571428571,59.523809523809526,69.04761904761905,False,49.88,47.8,55.42
1391487,Malcom Ares,Eibar,M,['LW'],24 años,183,Derecho,30/06/2030,1200000.0,2,1,1310,6.91,38,51.35,13,28,12,2,4,129,87.69,471,413,7,3,21,5,0,14,172.8,25,74.0,42.857142857142854,2.7600849256900215,0.1374045801526717,0.0687022900763358,2.6106870229007635,0.8931297709923665,1.923664122137405,0.8244274809160306,0.1374045801526717,0.2748091603053435,8.86259541984733,32.3587786259542,28.37404580152672,0.4809160305343511,0.2061068702290076,1.4427480916030535,0.9618320610687024,5.083969465648855,1.200.000 €,71.42857142857143,30.952380952380953,88.09523809523809,70.23809523809523,40.476190476190474,80.95238095238095,36.904761904761905,21.428571428571427,14.285714285714285,21.428571428571427,25.0,True,79.4,46.96,28.39
904964,Joaquín Muñoz,Málaga CF,M,"['ST', 'LW', 'ML']",27 años,172,Ambidiestro,30/06/2027,955000.0,4,6,2258,6.91,37,52.86,33,60,17,9,7,228,76.52,656,502,16,25,32,4,0,31,241.9,35,70.0,28.333333333333332,5.0304878048780495,0.1594331266607617,0.2391496899911425,1.474756421612046,1.3153232949512843,2.391496899911426,0.6775907883082374,0.3587245349867139,0.279007971656333,9.08768821966342,26.147032772364923,20.0088573959256,0.6377325066430469,0.9964570416297608,1.275465013286094,1.2356067316209034,2.7900797165633304,955.000 €,52.38095238095239,29.761904761904763,53.57142857142857,77.38095238095238,69.04761904761905,21.428571428571427,46.42857142857143,50.0,50.0,66.66666666666666,79.76190476190477,False,60.48,46.43,58.99
1142256,Estanis Pedrola,Las Palmas,F,['LW'],22 años,185,Derecho,30/06/2026,845000.0,4,1,541,6.91,17,53.13,10,16,10,1,1,57,87.95,166,146,6,1,9,2,0,8,96.7,14,32.0,62.5,6.024096385542169,0.6654343807763401,0.166358595194085,2.8280961182994457,1.6635859519408505,2.6617375231053604,1.6635859519408505,0.166358595194085,0.166358595194085,9.482439926062847,27.615526802218113,24.28835489833641,0.99815157116451,0.166358595194085,1.497227356746765,1.3308687615526802,5.323475046210721,845.000 €,42.857142857142854,57.14285714285714,91.66666666666666,79.76190476190477,80.95238095238095,98.80952380952381,98.80952380952381,72.61904761904762,63.095238095238095,27.380952380952383,67.85714285714286,False,78.33,82.5,54.7
1092777,Kevin Medina,Córdoba,F,"['LW', 'ML']",25 años,173,Ambidiestro,30/06/2027,840000.0,2,1,1088,6.89,27,45.76,16,36,12,1,2,118,77.48,262,203,12,6,19,5,0,14,165.4,24,59.0,33.33333333333333,6.106870229007633,0.1654411764705882,0.0827205882352941,2.233455882352941,1.3235294117647058,2.9779411764705883,0.9926470588235294,0.0827205882352941,0.1654411764705882,9.761029411764708,21.672794117647054,16.792279411764707,0.9926470588235294,0.4963235294117647,1.5716911764705883,1.1580882352941175,4.880514705882353,840.000 €,58.333333333333336,58.333333333333336,86.90476190476191,54.761904761904766,89.28571428571429,38.095238095238095,50.0,51.19047619047619,64.28571428571429,11.904761904761903,29.761904761904763,False,71.55,60.12,41.19
824130,José Manuel Arnáiz,Granada,F,"['LW', 'ST']",31 años,175,Derecho,30/06/2027,930000.0,7,2,2157,6.89,15,37.5,42,58,22,5,6,130,76.94,464,357,28,13,20,5,0,38,213.6,31,40.0,37.93103448275862,9.051724137931034,0.2920723226703755,0.0834492350486787,0.6258692628650905,1.7524339360222532,2.420027816411683,0.917941585535466,0.2086230876216968,0.2503477051460361,5.424200278164117,19.360222531293463,14.89568845618915,1.168289290681502,0.5424200278164116,0.8344923504867873,1.5855354659248957,1.6689847009735743,930.000 €,33.33333333333333,38.095238095238095,13.095238095238097,20.238095238095237,70.23809523809523,61.904761904761905,78.57142857142857,79.76190476190477,97.61904761904762,41.66666666666667,32.142857142857146,False,19.29,63.39,58.81
96370,Suso,Cádiz,M,"['RW', 'AM']",32 años,176,Zurdo,30/06/2029,680000.0,1,3,1962,6.87,32,48.48,38,30,9,7,1,272,79.5,805,640,6,15,27,4,0,25,185.6,27,66.0,30.0,4.720496894409938,0.0458715596330275,0.1376146788990825,1.4678899082568808,1.743119266055046,1.3761467889908257,0.4128440366972477,0.3211009174311927,0.0458715596330275,12.477064220183486,36.92660550458716,29.357798165137616,0.2752293577981651,0.6880733944954128,1.2385321100917432,1.146788990825688,3.027522935779816,680.000 €,59.523809523809526,84.52380952380952,58.333333333333336,60.71428571428571,13.095238095238097,28.57142857142857,17.857142857142858,78.57142857142857,42.857142857142854,58.333333333333336,53.57142857142857,False,59.29,32.44,61.55
1048927,Peter González,Real Valladolid,M,"['RW', 'MR']",24 años,178,Zurdo,30/06/2026,1400000.0,6,1,2335,6.87,35,43.21,43,49,18,8,7,217,77.96,599,467,28,24,30,6,0,44,226.6,33,81.0,36.734693877551024,7.178631051752922,0.2312633832976445,0.038543897216274,1.3490364025695931,1.657387580299786,1.8886509635974305,0.6937901498929336,0.3083511777301927,0.2698072805139186,8.364025695931478,23.08779443254818,18.0,1.0792291220556745,0.925053533190578,1.1563169164882228,1.69593147751606,3.1220556745182013,1.400.000 €,28.57142857142857,33.33333333333333,60.71428571428571,38.095238095238095,35.714285714285715,52.38095238095239,66.66666666666666,71.42857142857143,80.95238095238095,57.14285714285714,19.047619047619047,False,47.5,47.98,55.0
845168,Amath Ndiaye,Real Valladolid,M,"['LW', 'ST', 'ML']",30 años,179,Derecho,30/06/2027,835000.0,4,0,914,6.85,10,30.3,10,21,12,1,6,102,80.95,294,238,9,7,31,1,0,22,116.5,17,33.0,57.14285714285714,3.4013605442176873,0.3938730853391685,0.0,0.9846827133479212,0.9846827133479212,2.0678336980306344,1.1816192560175054,0.0984682713347921,0.5908096280087527,10.043763676148796,28.94967177242888,23.435448577680525,0.8862144420131292,0.6892778993435449,3.052516411378556,2.166301969365427,3.2494529540481403,835.000 €,5.952380952380952,2.380952380952381,61.904761904761905,8.333333333333332,48.80952380952381,96.42857142857143,88.09523809523809,29.761904761904763,22.61904761904762,16.666666666666664,8.333333333333332,False,34.64,58.45,18.63
928698,Agustín Pastoriza,Cultural Leonesa,M,"['RW', 'MR']",30 años,177,Zurdo,31/12/2026,280000.0,1,1,661,6.85,15,51.72,10,15,8,3,0,55,61.46,205,126,6,5,12,1,0,4,95.9,14,29.0,53.333333333333336,4.878048780487805,0.1361573373676248,0.1361573373676248,2.042360060514372,1.361573373676248,2.042360060514372,1.0892586989409985,0.4084720121028744,0.0,7.488653555219364,27.912254160363084,17.155824508320727,0.8169440242057489,0.680786686838124,1.6338880484114977,0.5446293494704992,3.948562783661119,280.000 €,91.66666666666666,94.64285714285714,66.66666666666666,71.42857142857143,45.23809523809524,94.64285714285714,35.714285714285715,52.38095238095239,45.23809523809524,76.19047619047619,51.19047619047619,False,73.1,61.37,52.98
362772,Sebas Moyano,Real Zaragoza,M,"['LW', 'ML']",29 años,173,Derecho,30/06/2027,720000.0,2,0,1284,6.84,18,50.0,14,31,9,3,3,101,81.51,292,238,8,3,20,1,0,18,157.3,23,36.0,29.03225806451613,4.794520547945205,0.1401869158878504,0.0,1.2616822429906542,0.9813084112149532,2.1728971962616823,0.6308411214953271,0.2102803738317757,0.2102803738317757,7.079439252336448,20.46728971962617,16.682242990654206,0.5607476635514018,0.2102803738317757,1.4018691588785046,1.2616822429906542,2.5233644859813085,720.000 €,48.80952380952381,46.42857142857143,41.66666666666667,63.69047619047619,60.71428571428571,26.190476190476193,38.095238095238095,27.380952380952383,44.047619047619044,42.857142857142854,8.333333333333332,False,49.7,44.29,34.11
1031543,Jacobo González,Córdoba,F,['LW'],29 años,176,Derecho,30/06/2026,1300000.0,9,1,2854,6.83,31,40.26,51,109,37,6,5,326,69.58,1042,725,72,8,55,5,1,54,252.6,37,77.0,33.94495412844037,4.894433781190019,0.283812193412754,0.0315346881569726,0.9775753328661528,1.608269096005606,3.4372810091100208,1.1667834618079886,0.189208128941836,0.1576734407848633,10.280308339173091,32.85914505956552,22.862648913805184,2.2704975473020323,0.2522775052557813,1.7344078486334968,1.7028731604765242,2.4281709880868956,1.300.000 €,27.380952380952383,60.71428571428571,36.904761904761905,25.0,96.42857142857143,41.66666666666667,75.0,67.85714285714286,46.42857142857143,36.904761904761905,16.666666666666664,False,31.43,68.45,33.15
1518119,Jastin García,FC Andorra,F,['LW'],22 años,180,Derecho,30/06/2026,455000.0,3,2,1368,6.83,43,53.75,21,40,18,8,5,143,78.35,425,333,18,2,20,6,0,30,191.1,28,80.0,45.0,4.941176470588235,0.1973684210526315,0.131578947368421,2.8289473684210527,1.381578947368421,2.631578947368421,1.1842105263157894,0.5263157894736842,0.3289473684210526,9.407894736842106,27.960526315789473,21.907894736842103,1.1842105263157894,0.131578947368421,1.3157894736842104,1.9736842105263157,5.263157894736842,455.000 €,10.714285714285714,19.047619047619047,89.28571428571429,83.33333333333334,79.76190476190477,89.28571428571429,59.523809523809526,54.761904761904766,48.80952380952381,88.09523809523809,50.0,False,71.79,58.1,54.88
316406,Antonio Puertas,Albacete Balompié,M,['RW'],34 años,183,Derecho,30/06/2027,620000.0,8,4,1917,6.81,19,44.19,22,46,20,8,12,141,74.85,497,372,48,3,29,6,1,28,197.6,29,43.0,43.47826086956522,4.426559356136821,0.3755868544600939,0.1877934272300469,0.892018779342723,1.0328638497652582,2.15962441314554,0.9389671361502347,0.3755868544600939,0.5633802816901409,6.619718309859156,23.333333333333332,17.464788732394364,2.2535211267605635,0.1408450704225352,1.3615023474178405,1.3145539906103283,2.0187793427230045,620.000 €,45.23809523809524,4.761904761904762,22.61904761904762,44.047619047619044,59.523809523809526,83.33333333333334,85.71428571428571,34.523809523809526,36.904761904761905,71.42857142857143,72.61904761904762,False,33.57,62.62,41.43
863388,Luis Chacón,Cultural Leonesa,M,"['AM', 'LW']",26 años,174,Derecho,30/06/2026,970000.0,8,3,3183,6.81,11,34.38,54,90,33,8,7,354,86.49,1236,1069,31,39,41,2,0,11,252.0,37,32.0,36.666666666666664,4.368932038834951,0.2262016965127238,0.0848256361922714,0.3110273327049953,1.5268614514608858,2.5447690857681433,0.933081998114986,0.2262016965127238,0.1979264844486333,10.00942507068803,34.94816211121584,30.22620169651272,0.8765315739868049,1.1027332704995287,1.15928369462771,0.3110273327049953,0.9048067860508954,970.000 €,96.42857142857143,47.61904761904761,1.1904761904761905,15.476190476190476,78.57142857142857,50.0,64.28571428571429,60.71428571428571,35.714285714285715,44.047619047619044,33.33333333333333,True,24.52,66.43,54.05
1535581,Lander Astiazaran,Real Sociedad B U21,M,['RW'],20 años,178,Ambidiestro,30/06/2027,2100000.0,6,4,2473,6.81,23,32.86,47,43,15,10,2,173,74.1,695,515,40,16,36,4,0,13,251.9,37,70.0,34.883720930232556,6.762589928057554,0.2183582693085321,0.1455721795390214,0.8370400323493732,1.710473109583502,1.5649009300444805,0.5458956732713304,0.3639304488475536,0.0727860897695107,6.295996765062676,25.293166194904977,18.74241811564901,1.4557217953902144,0.5822887181560857,1.310149615851193,0.4731095835018197,2.547513141932875,2.100.000 €,94.04761904761905,76.19047619047619,42.857142857142854,13.095238095238097,27.380952380952383,42.857142857142854,63.095238095238095,77.38095238095238,71.42857142857143,69.04761904761905,57.14285714285714,False,44.17,56.19,63.870000000000005
989878,Nicolás Melamed,Almería,M,['LW'],25 años,173,Derecho,30/06/2030,2700000.0,3,2,938,6.8,11,42.31,22,44,18,3,1,104,84.52,323,273,14,4,9,1,0,14,163.2,24,26.0,40.909090909090914,6.811145510835913,0.2878464818763326,0.1918976545842217,1.0554371002132197,2.1108742004264394,4.221748400852879,1.727078891257996,0.2878464818763326,0.0959488272921108,9.978678038379533,30.991471215351815,26.19402985074627,1.343283582089552,0.3837953091684435,0.863539445628998,1.343283582089552,2.4946695095948828,2.700.000 €,40.476190476190474,70.23809523809523,39.285714285714285,36.30952380952381,98.80952380952381,73.21428571428571,77.38095238095238,90.47619047619048,73.80952380952381,54.761904761904766,75.0,False,38.63,77.35,69.23
960401,Marvin Park,Las Palmas,D,"['DR', 'RW']",26 años,177,Derecho,30/06/2028,1100000.0,0,2,1982,6.79,20,51.28,13,8,1,2,1,160,83.0,859,713,27,37,38,10,0,11,190.0,28,39.0,12.5,1.5133876600698486,0.0,0.0908173562058526,0.9081735620585268,0.5903128153380424,0.3632694248234107,0.0454086781029263,0.0908173562058526,0.0454086781029263,7.265388496468215,39.006054490413725,32.37638748738648,1.226034308779011,1.6801210898082746,1.7255297679112007,0.4994954591321897,1.770938446014127,1.100.000 €,92.85714285714286,85.71428571428571,15.476190476190476,69.04761904761905,1.1904761904761905,3.571428571428571,7.738095238095238,7.142857142857142,3.571428571428571,14.285714285714285,38.095238095238095,True,47.02,25.68,25.89
252857,Léo Baptistão,Almería,M,"['RW', 'ST']",33 años,181,Derecho,30/06/2026,660000.0,9,2,1794,6.78,15,44.12,19,67,27,2,11,152,67.57,555,375,50,12,31,7,1,22,223.9,33,34.0,40.298507462686565,3.423423423423423,0.451505016722408,0.1003344481605351,0.7525083612040133,0.9531772575250836,3.361204013377926,1.354515050167224,0.1003344481605351,0.5518394648829431,7.625418060200669,27.842809364548497,18.812709030100333,2.508361204013378,0.6020066889632107,1.5551839464882944,1.1036789297658862,1.705685618729097,660.000 €,64.28571428571429,5.952380952380952,14.285714285714285,42.857142857142854,95.23809523809523,69.04761904761905,89.28571428571429,25.0,23.809523809523807,17.857142857142858,44.047619047619044,False,32.86,72.74,21.79
605650,Íñigo Cordoba,Burgos Club de Fútbol,M,"['LW', 'ML']",29 años,178,Zurdo,30/06/2026,1600000.0,2,1,2427,6.78,47,41.59,27,32,9,3,3,231,74.02,820,607,21,28,84,4,0,29,251.0,37,113.0,28.125,3.292682926829269,0.0741656365883807,0.0370828182941903,1.7428924598269468,1.0012360939431395,1.1866501854140914,0.3337453646477132,0.111248454882571,0.111248454882571,8.566131025957972,30.407911001236094,22.509270704573545,0.7787391841779975,1.03831891223733,3.11495673671199,1.0754017305315204,4.19035846724351,1.600.000 €,65.47619047619048,69.04761904761905,69.04761904761905,30.952380952380953,9.523809523809524,20.238095238095237,20.238095238095237,30.952380952380953,21.428571428571427,19.047619047619047,17.857142857142858,False,56.9,29.4,19.76
1175743,Pablo Sáenz,Granada,F,['RW'],25 años,175,Zurdo,30/06/2026,755000.0,4,2,1226,6.78,23,44.23,27,38,12,6,0,99,77.64,331,257,15,5,25,4,0,13,203.5,30,52.0,31.57894736842105,8.157099697885197,0.2936378466557912,0.1468189233278956,1.6884176182707993,1.9820554649265905,2.789559543230016,0.8809135399673735,0.4404567699836867,0.0,7.267536704730833,24.29853181076672,18.86623164763458,1.101141924959217,0.367047308319739,1.8352365415986949,0.9543230016313214,3.8172920065252858,755.000 €,72.61904761904762,94.64285714285714,64.28571428571429,45.23809523809524,83.33333333333334,32.142857142857146,79.76190476190477,88.09523809523809,91.66666666666666,79.76190476190477,59.523809523809526,True,60.24,75.03,79.94
1142596,Salim El Jebari,Mirandés,F,"['LW', 'ST']",22 años,174,Derecho,30/06/2026,390000.0,1,4,1371,6.76,35,53.85,24,19,7,3,1,103,77.34,278,215,21,4,19,3,0,19,195.9,29,65.0,36.84210526315789,8.633093525179856,0.0656455142231947,0.2625820568927789,2.297592997811816,1.575492341356674,1.2472647702407005,0.4595185995623633,0.1969365426695842,0.0656455142231947,6.761487964989058,18.24945295404814,14.113785557986873,1.3785557986870898,0.2625820568927789,1.2472647702407005,1.2472647702407005,4.266958424507659,390.000 €,50.0,78.57142857142857,73.80952380952381,84.52380952380952,10.714285714285714,53.57142857142857,19.047619047619047,64.28571428571429,95.23809523809523,40.476190476190474,83.33333333333334,False,72.26,34.17,63.69
1892528,Min-su Kim,FC Andorra,F,['LW'],20 años,177,Derecho,30/06/2026,3200000.0,6,4,2340,6.75,45,40.18,33,61,26,4,6,269,82.98,717,595,18,9,20,6,0,48,249.9,37,112.0,42.62295081967213,4.602510460251046,0.2307692307692307,0.1538461538461538,1.7307692307692308,1.2692307692307692,2.3461538461538463,1.0,0.1538461538461538,0.2307692307692307,10.346153846153843,27.57692307692308,22.884615384615383,0.6923076923076923,0.3461538461538461,0.7692307692307693,1.8461538461538465,4.307692307692308,3.200.000 €,17.857142857142858,40.476190476190474,76.19047619047619,23.809523809523807,64.28571428571429,79.76190476190477,65.47619047619048,42.857142857142854,41.66666666666667,23.809523809523807,61.904761904761905,False,48.81,58.81,37.02
910023,Arnau Puigmal,Almería,M,['RW'],25 años,173,Derecho,30/06/2026,1400000.0,3,5,1382,6.75,21,51.22,43,24,9,9,4,221,84.83,501,425,11,11,20,2,0,14,249.9,37,41.0,37.5,8.582834331337326,0.195369030390738,0.3256150506512301,1.3675832127351666,2.800289435600579,1.5629522431259046,0.5861070911722142,0.5861070911722142,0.260492040520984,14.39218523878437,32.62662807525326,27.677279305354556,0.7163531114327062,0.7163531114327062,1.3024602026049203,0.9117221418234442,2.670043415340087,1.400.000 €,73.80952380952381,35.714285714285715,47.61904761904761,67.85714285714286,26.190476190476193,57.738095238095234,58.333333333333336,96.42857142857143,94.04761904761905,92.85714285714286,92.85714285714286,True,58.93,48.36,91.25
307082,Awer Mabil,CD Castellón,M,"['RW', 'LW']",30 años,179,Ambidiestro,30/06/2028,415000.0,3,6,1731,6.75,13,37.14,32,40,14,11,8,251,75.96,628,477,25,10,33,3,0,13,202.6,30,35.0,35.0,5.095541401273886,0.1559792027729636,0.3119584055459272,0.6759098786828424,1.6637781629116115,2.079722703639515,0.7279029462738301,0.5719237435008665,0.4159445407279029,13.050259965337956,32.65164644714038,24.800693240901214,1.2998266897746968,0.5199306759098787,1.7157712305025996,0.6759098786828424,1.8197573656845756,415.000 €,88.09523809523809,14.285714285714285,17.857142857142858,19.047619047619047,52.38095238095239,44.047619047619044,44.047619047619044,73.80952380952381,52.38095238095239,91.66666666666666,90.47619047619048,True,32.26,46.07,79.7
965257,Giorgi Guliashvili,Real Racing Club,F,"['ST', 'RW']",24 años,179,Derecho,30/06/2029,2400000.0,6,2,1108,6.75,5,33.33,8,31,19,2,7,40,80.37,107,86,22,0,8,2,0,11,108.0,16,15.0,61.29032258064516,7.476635514018691,0.4873646209386281,0.1624548736462094,0.4061371841155234,0.6498194945848376,2.5180505415162453,1.5433212996389891,0.1624548736462094,0.5685920577617328,3.2490974729241877,8.691335740072201,6.985559566787004,1.787003610108303,0.0,0.6498194945848376,0.8935018050541517,1.2184115523465704,2.400.000 €,75.0,3.571428571428571,4.761904761904762,14.285714285714285,76.19047619047619,97.61904761904762,90.47619047619048,9.523809523809524,85.71428571428571,26.190476190476193,65.47619047619048,True,21.67,73.39,43.33
850025,Daniel Ojeda,Huesca,M,"['MR', 'ML', 'LW']",31 años,178,Ambidiestro,30/06/2027,620000.0,2,2,1234,6.75,11,52.38,14,27,6,6,4,157,83.58,548,458,8,6,10,4,0,12,175.5,26,21.0,22.22222222222222,2.5547445255474455,0.1458670988654781,0.1458670988654781,0.8022690437601296,1.0210696920583469,1.9692058346839547,0.4376012965964344,0.4376012965964344,0.2917341977309562,11.450567260940032,39.96758508914101,33.403565640194486,0.5834683954619124,0.4376012965964344,0.7293354943273905,0.8752025931928687,1.53160453808752,620.000 €,76.19047619047619,22.61904761904762,10.714285714285714,73.80952380952381,42.857142857142854,10.714285714285714,41.66666666666667,33.33333333333333,10.714285714285714,78.57142857142857,58.333333333333336,True,42.74,37.92,51.43
941405,Brian Ocampo,Cádiz,M,"['ML', 'LW', 'RW']",27 años,173,Derecho,30/06/2026,930000.0,5,1,1407,6.75,41,56.94,15,30,11,2,1,131,73.14,484,354,9,11,20,7,1,45,195.7,29,72.0,36.666666666666664,3.0991735537190084,0.3198294243070362,0.0639658848614072,2.622601279317698,0.9594882729211088,1.9189765458422177,0.7036247334754797,0.1279317697228145,0.0639658848614072,8.379530916844349,30.959488272921103,22.643923240938168,0.5756929637526652,0.7036247334754797,1.279317697228145,2.878464818763326,4.605543710021322,930.000 €,1.1904761904761905,80.95238095238095,83.33333333333334,89.28571428571429,38.095238095238095,50.0,82.14285714285714,26.190476190476193,20.238095238095237,20.238095238095237,21.428571428571427,False,68.69,58.04,9.350000000000001
905350,Taisei Miyashiro,Las Palmas,M,"['MC', 'LW']",26 años,179,Derecho,30/06/2026,1700000.0,4,1,946,6.74,8,32.0,8,24,9,2,3,96,86.71,286,248,19,4,24,1,0,18,94.4,14,25.0,37.5,2.797202797202797,0.3805496828752643,0.095137420718816,0.7610993657505286,0.7610993657505286,2.2832980972515857,0.8562367864693446,0.1902748414376321,0.2854122621564482,9.133192389006345,27.20930232558139,23.594080338266387,1.807610993657505,0.3805496828752643,2.2832980972515857,1.7124735729386893,2.3784355179704018,1.700.000 €,26.190476190476193,26.190476190476193,34.523809523809526,10.714285714285714,61.904761904761905,57.738095238095234,86.90476190476191,13.095238095238097,15.476190476190476,38.095238095238095,40.476190476190474,False,25.71,61.1,25.77
1031481,Diego Bri,Córdoba,D,['RW'],24 años,175,Zurdo,30/06/2026,630000.0,3,3,1057,6.74,16,61.54,13,17,12,2,5,99,80.37,377,303,12,12,24,0,0,17,161.8,24,26.0,70.58823529411765,3.4482758620689653,0.2554399243140965,0.2554399243140965,1.3623462630085146,1.1069063386944182,1.447492904446547,1.021759697256386,0.1702932828760643,0.4257332071901608,8.429517502365185,32.10028382213813,25.79943235572375,1.021759697256386,1.021759697256386,2.043519394512772,1.447492904446547,2.2138126773888365,630.000 €,38.095238095238095,13.095238095238097,28.57142857142857,97.61904761904762,16.666666666666664,100.0,70.23809523809523,39.285714285714285,25.0,30.952380952380953,82.14285714285714,False,51.19,49.52,41.31
106288,Francisco Portillo,Huesca,M,"['AM', 'LW', 'MC']",36 años,169,Derecho,30/06/2026,185000.0,1,3,2539,6.74,23,45.1,44,27,10,5,5,364,84.46,1216,1027,45,11,39,4,0,41,242.7,36,51.0,37.03703703703704,3.618421052631579,0.0354470263883418,0.1063410791650256,0.815281606931863,1.559669161087042,0.9570697124852304,0.3544702638834187,0.1772351319417093,0.1772351319417093,12.902717605356438,43.10358408822371,36.4040961008271,1.595116187475384,0.3899172902717605,1.3824340291453328,1.4533280819220165,1.8077983458054352,185.000 €,36.904761904761905,54.761904761904766,16.666666666666664,47.61904761904761,7.142857142857142,54.761904761904766,15.476190476190476,63.095238095238095,27.380952380952383,35.714285714285715,46.42857142857143,False,30.0,27.32,44.46
1018516,Daniel Luna,Huesca,M,['RW'],23 años,178,Zurdo,30/06/2026,570000.0,2,0,1611,6.73,27,52.94,17,27,9,3,3,130,78.1,379,296,23,10,34,4,1,34,202.0,30,51.0,33.33333333333333,4.485488126649076,0.1117318435754189,0.0,1.5083798882681565,0.9497206703910612,1.5083798882681565,0.5027932960893855,0.1675977653631284,0.1675977653631284,7.262569832402234,21.1731843575419,16.536312849162012,1.2849162011173183,0.558659217877095,1.899441340782123,1.899441340782123,2.8491620111731844,570.000 €,13.095238095238097,55.952380952380956,54.761904761904766,78.57142857142857,21.428571428571427,38.095238095238095,31.547619047619047,23.809523809523807,38.095238095238095,28.57142857142857,8.333333333333332,False,53.57,31.82,23.21
954047,Konrad de la Fuente,AD Ceuta,F,"['LW', 'RW']",25 años,170,Derecho,30/06/2026,635000.0,3,1,1386,6.73,25,40.32,13,32,13,1,7,70,78.6,285,224,17,8,23,2,0,32,201.8,30,62.0,40.625,4.56140350877193,0.1948051948051948,0.0649350649350649,1.6233766233766234,0.8441558441558442,2.0779220779220777,0.8441558441558442,0.0649350649350649,0.4545454545454546,4.545454545454545,18.506493506493506,14.545454545454549,1.103896103896104,0.5194805194805194,1.4935064935064937,2.0779220779220777,4.025974025974026,635.000 €,7.142857142857142,11.904761904761903,67.85714285714286,26.190476190476193,50.595238095238095,71.42857142857143,57.14285714285714,19.047619047619047,40.476190476190474,9.523809523809524,23.214285714285715,False,43.21,45.86,18.72
925220,Pejiño,Las Palmas,M,"['RW', 'MR']",30 años,177,Zurdo,30/06/2026,550000.0,1,3,906,6.73,32,55.17,14,21,6,4,3,91,80.08,261,209,7,3,15,3,0,12,134.5,20,58.0,28.57142857142857,5.363984674329502,0.0993377483443708,0.2980132450331126,3.1788079470198674,1.390728476821192,2.0860927152317883,0.5960264900662252,0.3973509933774834,0.2980132450331126,9.039735099337747,25.927152317880793,20.76158940397351,0.695364238410596,0.2980132450331126,1.490066225165563,1.1920529801324504,5.76158940397351,550.000 €,57.14285714285714,21.428571428571427,95.23809523809523,88.09523809523809,53.57142857142857,23.809523809523807,28.57142857142857,55.952380952380956,54.761904761904766,75.0,88.09523809523809,False,85.48,35.89,65.54
965019,Stipe Biuk,Real Valladolid,M,['LW'],23 años,184,Derecho,30/06/2029,2200000.0,1,5,2049,6.72,46,47.42,29,48,13,8,6,174,75.35,564,425,22,13,47,5,0,30,235.3,35,97.0,27.083333333333332,5.141843971631205,0.0439238653001464,0.219619326500732,2.020497803806735,1.273792093704246,2.108345534407028,0.5710102489019033,0.3513909224011713,0.2635431918008785,7.642752562225476,24.77306002928258,18.667642752562227,0.9663250366032212,0.5710102489019033,2.0644216691068813,1.3177159590043923,4.260614934114202,2.200.000 €,44.047619047619044,34.523809523809526,72.61904761904762,58.333333333333336,54.761904761904766,19.047619047619047,16.666666666666664,44.047619047619044,53.57142857142857,63.095238095238095,77.38095238095238,False,62.62,31.96,55.24
1531384,Antonio Cordero,Cádiz,M,['LW'],19 años,178,Derecho,30/06/2026,2100000.0,2,0,1131,6.72,7,24.14,20,24,10,3,3,100,81.12,286,232,6,3,7,2,0,16,127.7,19,29.0,41.66666666666667,6.993006993006993,0.1591511936339522,0.0,0.5570291777188329,1.5915119363395227,1.909814323607427,0.7957559681697614,0.2387267904509283,0.2387267904509283,7.957559681697613,22.758620689655174,18.46153846153846,0.4774535809018567,0.2387267904509283,0.5570291777188329,1.273209549071618,2.3076923076923075,2.100.000 €,47.61904761904761,39.285714285714285,32.142857142857146,1.1904761904761905,36.904761904761905,75.0,45.23809523809524,66.66666666666666,76.19047619047619,47.61904761904761,8.333333333333332,False,25.95,46.96,51.73
1594117,Pablo Santiago,CD Castellón,M,['LW'],25 años,173,Derecho,30/06/2028,650000.0,3,5,1652,6.71,19,52.78,31,30,11,10,5,211,78.85,520,410,24,7,19,3,0,32,201.4,30,36.0,36.666666666666664,5.961538461538462,0.1634382566585956,0.2723970944309927,1.0351089588377724,1.6888619854721552,1.6343825665859564,0.5992736077481841,0.5447941888619855,0.2723970944309927,11.495157384987891,28.32929782082325,22.33656174334141,1.3075060532687652,0.3813559322033898,1.0351089588377724,1.7433414043583535,1.9612590799031475,650.000 €,22.61904761904762,32.142857142857146,21.428571428571427,76.19047619047619,29.761904761904763,50.0,48.80952380952381,76.19047619047619,61.904761904761905,89.28571428571429,84.52380952380952,False,38.1,39.11,70.54
566894,Stoichkov,Deportivo de La Coruña,F,"['ST', 'LW', 'AM']",32 años,178,Derecho,30/06/2026,485000.0,5,3,1633,6.71,11,42.31,20,30,13,8,3,95,71.72,343,246,28,3,24,5,0,15,221.3,33,26.0,43.333333333333336,5.830903790087463,0.2755664421310471,0.1653398652786283,0.6062461726883037,1.1022657685241886,1.653398652786283,0.7164727495407227,0.4409063074096754,0.1653398652786283,5.235762400489896,18.903857930189833,13.55786895284752,1.543172075933864,0.1653398652786283,1.3227189222290263,0.8266993263931415,1.4329454990814454,485.000 €,79.76190476190477,59.523809523809526,8.333333333333332,36.30952380952381,32.142857142857146,82.14285714285714,73.80952380952381,38.095238095238095,59.523809523809526,80.95238095238095,66.66666666666666,False,31.01,63.1,52.56
1006232,Julen Lobete,Málaga CF,F,"['ST', 'LW']",25 años,176,Derecho,30/06/2027,1200000.0,2,3,911,6.7,23,50.0,13,33,14,3,2,97,82.58,264,218,18,9,14,3,0,19,174.3,26,46.0,42.42424242424242,4.924242424242424,0.1975850713501646,0.2963776070252469,2.2722283205268936,1.2843029637760703,3.260153677277717,1.3830954994511526,0.2963776070252469,0.1975850713501646,9.582875960482983,26.081229418221735,21.536772777167947,1.7782656421514818,0.8891328210757409,1.3830954994511526,1.8770581778265645,4.544456641053787,1.200.000 €,14.285714285714285,48.80952380952381,79.76190476190477,63.69047619047619,94.04761904761905,78.57142857142857,60.71428571428571,45.23809523809524,47.61904761904761,55.952380952380956,86.90476190476191,False,61.85,65.3,49.88
1516812,Ali Houary,Mirandés,M,['LW'],21 años,178,Derecho,30/06/2026,310000.0,0,1,642,6.7,10,52.63,6,17,4,1,0,61,79.54,259,206,7,4,24,1,1,0,87.1,13,19.0,23.52941176470588,2.3166023166023164,0.0,0.1401869158878504,1.4018691588785046,0.8411214953271028,2.383177570093458,0.5607476635514018,0.1401869158878504,0.0,8.551401869158878,36.30841121495327,28.878504672897193,0.9813084112149532,0.5607476635514018,3.364485981308411,0.0,2.663551401869159,310.000 €,100.0,94.64285714285714,45.23809523809524,75.0,65.47619047619048,11.904761904761903,7.738095238095238,17.857142857142858,8.333333333333332,22.61904761904762,54.761904761904766,True,65.12,45.06,35.48
813548,Liberto Beltrán,Huesca,F,"['LW', 'ML']",29 años,171,Zurdo,30/06/2027,290000.0,2,0,1065,6.68,10,43.48,8,34,9,2,4,58,68.78,205,141,16,10,17,3,0,9,167.1,25,23.0,26.47058823529412,3.902439024390244,0.1690140845070422,0.0,0.8450704225352113,0.676056338028169,2.8732394366197185,0.76056338028169,0.1690140845070422,0.3380281690140845,4.901408450704225,17.323943661971832,11.915492957746478,1.352112676056338,0.8450704225352113,1.4366197183098592,0.76056338028169,1.943661971830986,290.000 €,84.52380952380952,17.857142857142858,20.238095238095237,39.88095238095239,85.71428571428571,17.857142857142858,51.19047619047619,10.714285714285714,32.142857142857146,29.761904761904763,8.333333333333332,False,38.99,53.15,19.4
1526648,Sergio Rodelas,Granada,F,['LW'],21 años,168,Zurdo,30/06/2028,875000.0,0,1,590,6.68,16,53.33,12,14,4,4,1,40,68.86,167,115,10,5,20,2,0,8,167.1,25,30.0,28.57142857142857,7.18562874251497,0.0,0.1525423728813559,2.440677966101694,1.830508474576271,2.135593220338983,0.6101694915254237,0.6101694915254237,0.1525423728813559,6.101694915254237,25.47457627118644,17.542372881355934,1.5254237288135593,0.7627118644067796,3.0508474576271185,1.220338983050847,4.576271186440678,875.000 €,54.761904761904766,61.904761904761905,82.14285714285714,82.14285714285714,57.14285714285714,23.809523809523807,7.738095238095238,83.33333333333334,82.14285714285714,94.04761904761905,60.71428571428571,False,76.67,35.33,68.15
1210425,Kenneth Mamah,CD Castellón,M,"['RW', 'MR']",28 años,182,Derecho,30/06/2027,645000.0,1,0,465,6.68,5,45.45,4,8,3,0,1,57,82.32,181,149,0,5,10,1,0,5,80.2,12,11.0,37.5,2.209944751381215,0.1935483870967742,0.0,0.967741935483871,0.7741935483870968,1.5483870967741935,0.5806451612903226,0.0,0.1935483870967742,11.032258064516128,35.03225806451613,28.838709677419356,0.0,0.967741935483871,1.935483870967742,0.967741935483871,2.129032258064516,645.000 €,70.23809523809523,51.19047619047619,26.190476190476193,52.38095238095239,25.0,57.738095238095234,55.952380952380956,14.285714285714285,5.952380952380952,4.166666666666666,8.333333333333332,True,42.86,49.2,18.01
1031637,Gaspar Campos,Sporting Gijón,M,"['LW', 'ML']",26 años,175,Derecho,30/06/2028,2200000.0,5,2,1923,6.66,31,54.39,17,51,20,5,4,240,82.48,628,518,24,14,37,3,0,38,219.8,33,57.0,39.21568627450981,2.7070063694267517,0.2340093603744149,0.093603744149766,1.4508580343213728,0.7956318252730109,2.386895475819033,0.93603744149766,0.2340093603744149,0.187207488299532,11.23244929797192,29.39157566302652,24.243369734789393,1.1232449297971918,0.6552262090483619,1.7316692667706708,1.7784711388455536,2.667706708268331,2.200.000 €,19.047619047619047,52.38095238095239,46.42857142857143,86.90476190476191,67.85714285714286,66.07142857142857,67.85714285714286,15.476190476190476,13.095238095238097,46.42857142857143,39.285714285714285,False,53.1,60.39,26.96
1134395,Naim García,Leganés,M,['RW'],24 años,179,Zurdo,30/06/2027,825000.0,2,2,2167,6.66,29,48.33,39,35,11,6,2,138,78.6,584,459,19,13,29,4,0,19,213.0,32,60.0,31.428571428571427,6.678082191780822,0.0830641439778495,0.0830641439778495,1.2044300876788183,1.6197508075680669,1.453622519612367,0.4568527918781725,0.2491924319335487,0.0830641439778495,5.731425934471621,24.25473004153207,19.06322104291647,0.7891093677895709,0.5399169358560222,1.2044300876788183,0.7891093677895709,2.491924319335487,825.000 €,82.14285714285714,73.80952380952381,38.095238095238095,59.523809523809526,19.047619047619047,30.952380952380953,23.809523809523807,69.04761904761905,70.23809523809523,50.0,30.952380952380953,True,53.33,37.02,60.71
826003,Jordi Mboula,Cultural Leonesa,F,['RW'],27 años,182,Ambidiestro,N/D,455000.0,0,1,484,6.65,5,41.67,9,8,3,2,0,31,76.61,124,95,3,2,11,0,0,7,79.8,12,12.0,37.5,7.258064516129033,0.0,0.1859504132231405,0.9297520661157024,1.6735537190082646,1.487603305785124,0.5578512396694215,0.371900826446281,0.0,5.7644628099173545,23.057851239669414,17.66528925619835,0.5578512396694215,0.371900826446281,2.0454545454545454,1.3016528925619837,2.231404958677686,455.000 €,46.42857142857143,94.64285714285714,29.761904761904763,33.33333333333333,20.238095238095237,57.738095238095234,7.738095238095238,75.0,83.33333333333334,70.23809523809523,71.42857142857143,False,34.17,35.27,70.24
1547308,Efe Ugiagbe,Huesca,F,['LW'],22 años,178,Derecho,30/06/2026,,1,0,553,6.65,25,53.19,1,11,2,0,2,38,75.76,132,100,9,6,8,1,0,16,132.9,20,47.0,18.181818181818183,0.7575757575757576,0.162748643761302,0.0,4.06871609403255,0.162748643761302,1.790235081374322,0.325497287522604,0.0,0.325497287522604,6.184448462929476,21.482820976491865,16.2748643761302,1.464737793851718,0.976491862567812,1.301989150090416,2.603978300180832,7.649186256781194,N/D,3.571428571428571,20.238095238095237,100.0,80.95238095238095,34.523809523809526,7.142857142857142,47.61904761904761,1.1904761904761905,1.1904761904761905,4.166666666666666,8.333333333333332,False,75.0,29.76,3.36
1605227,Aingeru Olabarrieta,FC Andorra,M,['RW'],20 años,182,Zurdo,30/06/2026,855000.0,1,0,1166,6.64,29,46.77,13,32,7,1,0,124,80.58,345,278,4,4,8,5,0,10,179.4,27,62.0,21.875,3.768115942028986,0.0771869639794168,0.0,2.2384219554030875,1.0034305317324186,2.469982847341338,0.5403087478559176,0.0771869639794168,0.0,9.571183533447684,26.629502572898797,21.457975986277873,0.3087478559176672,0.3087478559176672,0.6174957118353345,0.7718696397941681,4.785591766723842,855.000 €,83.33333333333334,94.64285714285714,85.71428571428571,57.14285714285714,72.61904761904762,8.928571428571429,21.428571428571427,32.142857142857146,29.761904761904763,10.714285714285714,8.333333333333332,True,76.67,49.52,30.54
1398515,Aisar Ahmed,AD Ceuta,D,"['DR', 'RW']",25 años,172,Derecho,30/06/2026,650000.0,0,2,2772,6.64,10,32.26,22,14,2,1,2,186,79.14,863,683,25,39,41,5,1,17,239.0,36,31.0,14.285714285714285,2.549246813441483,0.0,0.0649350649350649,0.3246753246753247,0.7142857142857142,0.4545454545454546,0.0649350649350649,0.0324675324675324,0.0649350649350649,6.038961038961039,28.01948051948052,22.17532467532467,0.8116883116883117,1.2662337662337664,1.331168831168831,0.551948051948052,1.0064935064935066,650.000 €,90.47619047619048,79.76190476190477,2.380952380952381,11.904761904761903,3.571428571428571,4.761904761904762,7.738095238095238,11.904761904761903,9.523809523809524,8.333333333333332,23.214285714285715,True,22.86,25.33,24.14
1134538,Mateo Mejía,Burgos Club de Fútbol,M,['RW'],23 años,188,Derecho,30/06/2028,410000.0,3,0,466,6.64,3,50.0,2,12,4,0,0,16,71.93,57,41,10,1,8,4,0,3,112.8,17,6.0,33.33333333333333,3.508771929824561,0.5793991416309013,0.0,0.5793991416309013,0.3862660944206008,2.317596566523606,0.7725321888412017,0.0,0.0,3.0901287553648067,11.008583690987123,7.918454935622318,1.931330472103004,0.1931330472103004,1.5450643776824031,0.5793991416309013,1.158798283261803,410.000 €,89.28571428571429,94.64285714285714,3.571428571428571,63.69047619047619,63.095238095238095,38.095238095238095,96.42857142857143,3.571428571428571,26.190476190476193,4.166666666666666,8.333333333333332,False,38.75,78.36,10.68
790833,Sergi Canós,Real Valladolid,M,"['LW', 'ML', 'MR']",29 años,173,Derecho,30/06/2026,840000.0,2,1,995,6.63,8,34.78,20,28,8,1,0,87,72.22,324,234,4,8,25,4,0,11,139.3,21,23.0,28.57142857142857,6.172839506172839,0.1809045226130653,0.0904522613065326,0.7236180904522613,1.809045226130653,2.532663316582915,0.7236180904522613,0.0904522613065326,0.0,7.869346733668342,29.306532663316585,21.165829145728644,0.3618090452261306,0.7236180904522613,2.261306532663317,0.9949748743718594,2.080402010050251,840.000 €,69.04761904761905,94.64285714285714,25.0,16.666666666666664,77.38095238095238,23.809523809523807,53.57142857142857,82.14285714285714,65.47619047619048,13.095238095238097,36.904761904761905,False,31.31,62.77,43.63
1441821,Iker Varela,Mirandés,M,['LW'],23 años,188,Ambidiestro,30/06/2026,320000.0,1,0,792,6.63,5,27.78,4,18,7,0,2,49,68.18,176,120,7,2,9,2,0,10,99.5,15,18.0,38.88888888888889,2.272727272727273,0.1136363636363636,0.0,0.5681818181818181,0.4545454545454546,2.0454545454545454,0.7954545454545454,0.0,0.2272727272727273,5.568181818181818,20.0,13.636363636363637,0.7954545454545454,0.2272727272727273,1.0227272727272727,1.1363636363636362,2.0454545454545454,320.000 €,61.904761904761905,42.857142857142854,23.809523809523807,3.571428571428571,46.42857142857143,64.28571428571429,33.33333333333333,4.761904761904762,7.142857142857142,4.166666666666666,8.333333333333332,False,25.36,45.54,4.08
811493,Salvi Sánchez,AD Ceuta,F,"['RW', 'MR']",35 años,175,Derecho,30/06/2026,180000.0,0,2,496,6.63,2,25.0,6,8,2,2,1,46,71.52,158,113,5,1,10,3,0,2,125.9,19,8.0,25.0,3.79746835443038,0.0,0.3629032258064516,0.3629032258064516,1.0887096774193548,1.4516129032258065,0.3629032258064516,0.3629032258064516,0.1814516129032258,8.346774193548388,28.669354838709676,20.504032258064516,0.907258064516129,0.1814516129032258,1.814516129032258,0.3629032258064516,1.4516129032258065,180.000 €,95.23809523809523,53.57142857142857,9.523809523809524,2.380952380952381,17.857142857142858,15.476190476190476,7.738095238095238,36.904761904761905,30.952380952380953,67.85714285714286,96.42857142857143,False,24.52,27.05,51.43
605510,José Carlos Lazo,Albacete Balompié,M,['LW'],30 años,177,Ambidiestro,30/06/2026,450000.0,3,2,1309,6.63,6,30.0,28,44,13,5,1,132,73.88,402,297,17,16,18,5,0,15,212.0,32,20.0,29.545454545454547,6.965174129353234,0.2062643239113827,0.1375095492742551,0.4125286478227655,1.925133689839572,3.025210084033614,0.8938120702826585,0.3437738731856379,0.0687547746371275,9.07563025210084,27.639419404125288,20.42016806722689,1.168831168831169,1.1000763941940412,1.2375859434682963,1.0313216195569137,1.3750954927425516,450.000 €,67.85714285714286,77.38095238095238,5.952380952380952,6.547619047619048,91.66666666666666,27.380952380952383,61.904761904761905,85.71428571428571,75.0,60.71428571428571,52.38095238095239,False,18.51,67.08,60.18000000000001
1470379,Alex Calvo,FC Andorra,F,['RW'],22 años,170,Zurdo,30/06/2028,440000.0,1,0,508,6.61,13,39.39,8,12,6,4,0,53,82.27,220,181,10,4,12,1,0,7,92.6,14,33.0,50.0,3.636363636363636,0.1771653543307086,0.0,2.3031496062992125,1.4173228346456692,2.1259842519685037,1.062992125984252,0.7086614173228346,0.0,9.38976377952756,38.976377952755904,32.06692913385827,1.7716535433070866,0.7086614173228346,2.1259842519685037,1.2401574803149606,5.846456692913385,440.000 €,51.19047619047619,94.64285714285714,96.42857142857143,22.61904761904762,55.952380952380956,92.26190476190477,52.38095238095239,57.14285714285714,28.57142857142857,98.80952380952381,8.333333333333332,False,65.24,65.48,55.06
1602590,Alex Marchal,Real Sociedad B U21,M,['LW'],18 años,181,Derecho,30/06/2027,2100000.0,1,1,1053,6.61,10,31.25,16,18,8,3,3,73,80.51,277,223,15,6,19,1,0,13,185.0,28,32.0,44.44444444444444,5.776173285198556,0.0854700854700854,0.0854700854700854,0.8547008547008547,1.3675213675213675,1.5384615384615383,0.6837606837606838,0.2564102564102564,0.2564102564102564,6.239316239316239,23.675213675213676,19.05982905982906,1.2820512820512822,0.5128205128205129,1.6239316239316235,1.1111111111111112,2.735042735042735,2.100.000 €,63.095238095238095,36.904761904761905,51.19047619047619,9.523809523809524,22.61904761904762,88.09523809523809,25.0,53.57142857142857,58.333333333333336,51.19047619047619,34.523809523809526,True,41.07,39.46,52.26
889815,Patrick Soko,Almería,F,"['ST', 'MR', 'RW']",28 años,176,Derecho,30/06/2028,1200000.0,0,1,759,6.59,10,43.48,13,23,4,4,1,49,74.45,137,102,14,3,5,1,0,7,138.3,21,23.0,17.391304347826086,9.48905109489051,0.0,0.1185770750988142,1.1857707509881423,1.541501976284585,2.7272727272727275,0.4743083003952569,0.4743083003952569,0.1185770750988142,5.810276679841897,16.245059288537547,12.09486166007905,1.6600790513833992,0.3557312252964427,0.5928853754940712,0.8300395256916996,2.7272727272727275,1.200.000 €,78.57142857142857,65.47619047619048,50.0,39.88095238095239,82.14285714285714,5.952380952380952,7.738095238095238,61.904761904761905,98.80952380952381,84.52380952380952,48.80952380952381,False,52.68,41.82,63.629999999999995
1164676,Marcos Cuenca,Real Zaragoza,F,['RW'],23 años,184,Derecho,30/06/2028,370000.0,0,1,1179,6.58,20,41.67,16,32,7,3,9,75,67.92,240,163,21,5,14,3,1,20,171.2,26,48.0,21.875,6.666666666666667,0.0,0.0763358778625954,1.5267175572519085,1.2213740458015268,2.4427480916030535,0.5343511450381679,0.2290076335877862,0.6870229007633587,5.7251908396946565,18.3206106870229,12.442748091603052,1.6030534351145038,0.381679389312977,1.068702290076336,1.5267175572519085,3.664122137404581,370.000 €,34.523809523809526,1.1904761904761905,63.095238095238095,33.33333333333333,71.42857142857143,8.928571428571429,7.738095238095238,41.66666666666667,69.04761904761905,45.23809523809524,27.380952380952383,False,48.45,25.54,33.45
962378,Valery Fernández,Real Zaragoza,M,['LW'],26 años,179,Derecho,30/06/2028,680000.0,0,0,974,6.57,12,66.67,7,4,0,1,0,69,85.24,271,231,8,3,16,1,0,3,118.2,18,18.0,0.0,2.5830258302583027,0.0,0.0,1.108829568788501,0.6468172484599589,0.3696098562628337,0.0,0.0924024640657084,0.0,6.3757700205338805,25.041067761806985,21.34496919917864,0.7392197125256674,0.2772073921971252,1.4784394250513349,0.2772073921971252,1.6632443531827514,680.000 €,98.80952380952381,94.64285714285714,11.904761904761903,100.0,2.380952380952381,1.1904761904761905,7.738095238095238,8.333333333333332,11.904761904761903,15.476190476190476,8.333333333333332,True,55.71,27.56,24.23
1010513,Jordi Martín,Huesca,M,"['LW', 'RW']",25 años,174,Zurdo,30/06/2027,425000.0,0,1,641,6.55,3,30.0,7,4,1,0,0,47,76.11,247,188,7,11,14,3,0,2,98.2,15,10.0,25.0,2.834008097165992,0.0,0.1404056162246489,0.421216848673947,0.982839313572543,0.5616224648985959,0.1404056162246489,0.0,0.0,6.599063962558502,34.6801872074883,26.39625585023401,0.982839313572543,1.544461778471139,1.965678627145086,0.2808112324492979,1.40405616224649,425.000 €,97.61904761904762,94.64285714285714,7.142857142857142,6.547619047619048,4.761904761904762,15.476190476190476,7.738095238095238,28.57142857142857,16.666666666666664,4.166666666666666,55.952380952380956,True,25.06,30.18,35.15
1010409,Xeber Alkain,Eibar,M,['RW'],29 años,174,Derecho,30/06/2027,745000.0,0,1,508,6.52,10,41.67,5,14,5,1,3,57,80.86,162,131,2,2,14,1,0,8,84.7,13,24.0,35.714285714285715,3.0864197530864197,0.0,0.1771653543307086,1.7716535433070866,0.8858267716535433,2.4803149606299213,0.8858267716535433,0.1771653543307086,0.5314960629921259,10.098425196850393,28.700787401574804,23.208661417322833,0.3543307086614173,0.3543307086614173,2.4803149606299213,1.4173228346456692,4.251968503937007,745.000 €,39.285714285714285,7.142857142857142,71.42857142857143,33.33333333333333,73.80952380952381,46.42857142857143,7.738095238095238,20.238095238095237,19.047619047619047,34.523809523809526,70.23809523809523,False,53.57,33.12,33.99
1160061,Dani Queipo,Sporting Gijón,F,['LW'],24 años,168,Derecho,30/06/2027,1100000.0,0,1,583,6.51,4,28.57,3,10,1,1,3,52,77.19,171,132,15,5,25,4,0,8,143.3,22,14.0,10.0,1.7543859649122806,0.0,0.1543739279588336,0.6174957118353345,0.4631217838765009,1.5437392795883362,0.1543739279588336,0.1543739279588336,0.4631217838765009,8.027444253859349,26.39794168096055,20.37735849056604,2.3156089193825045,0.7718696397941681,3.859348198970841,1.234991423670669,2.1612349914236706,1.100.000 €,53.57142857142857,9.523809523809524,27.380952380952383,4.761904761904762,23.809523809523807,2.380952380952381,7.738095238095238,5.952380952380952,4.761904761904762,25.0,63.095238095238095,False,25.83,15.8,26.25
